<?xml version="1.0" encoding="UTF-8"?>
<root>
  <system>
    <config>
      <path>alothemes/grid/portrait</path>
      <value><![CDATA[2]]></value>
    </config>
    <config>
      <path>alothemes/grid/tablet</path>
      <value><![CDATA[3]]></value>
    </config>
    <config>
      <path>alothemes/grid/notebook</path>
      <value><![CDATA[3]]></value>
    </config>
    <config>
      <path>alothemes/grid/desktop</path>
      <value><![CDATA[2]]></value>
    </config>
    <config>
      <path>alothemes/grid_widget/notebook</path>
      <value><![CDATA[3]]></value>
    </config>
    <config>
      <path>alothemes/grid_widget/laptop</path>
      <value><![CDATA[3]]></value>
    </config>
    <config>
      <path>alothemes/grid_widget/desktop</path>
      <value><![CDATA[3]]></value>
    </config>
    <config>
      <path>alothemes/grid_widget/widescreen</path>
      <value><![CDATA[3]]></value>
    </config>
    <config>
      <path>alothemes/grid_widget/visible</path>
      <value><![CDATA[3]]></value>
    </config>
    <config>
      <path>alothemes/related/padding</path>
      <value><![CDATA[10]]></value>
    </config>
    <config>
      <path>alothemes/related/landscape</path>
      <value><![CDATA[2]]></value>
    </config>
    <config>
      <path>alothemes/related/notebook</path>
      <value><![CDATA[3]]></value>
    </config>
    <config>
      <path>alothemes/related/laptop</path>
      <value><![CDATA[3]]></value>
    </config>
    <config>
      <path>alothemes/related/arrows</path>
      <value><![CDATA[true]]></value>
    </config>
    <config>
      <path>alothemes/upsell/padding</path>
      <value><![CDATA[10]]></value>
    </config>
    <config>
      <path>alothemes/upsell/landscape</path>
      <value><![CDATA[2]]></value>
    </config>
    <config>
      <path>alothemes/upsell/notebook</path>
      <value><![CDATA[3]]></value>
    </config>
    <config>
      <path>alothemes/upsell/laptop</path>
      <value><![CDATA[3]]></value>
    </config>
    <config>
      <path>alothemes/upsell/arrows</path>
      <value><![CDATA[true]]></value>
    </config>
    <config>
      <path>alothemes/crosssell/padding</path>
      <value><![CDATA[10]]></value>
    </config>
    <config>
      <path>alothemes/crosssell/landscape</path>
      <value><![CDATA[2]]></value>
    </config>
    <config>
      <path>alothemes/crosssell/notebook</path>
      <value><![CDATA[3]]></value>
    </config>
    <config>
      <path>alothemes/crosssell/laptop</path>
      <value><![CDATA[3]]></value>
    </config>
    <config>
      <path>alothemes/crosssell/arrows</path>
      <value><![CDATA[true]]></value>
    </config>
    <config>
      <path>alothemes/recentorder/product_ids</path>
      <value><![CDATA[5,75,24]]></value>
    </config>
    <config>
      <path>alothemes/labels/salePercent</path>
      <value><![CDATA[0]]></value>
    </config>
    <config>
      <path>alothemes/timer/enabled</path>
      <value><![CDATA[1]]></value>
    </config>
    <config>
      <path>alothemes/newsletter/height</path>
      <value><![CDATA[336]]></value>
    </config>
    <config>
      <path>alothemes/newsletter/background_image</path>
      <value><![CDATA[default/NewsletterPopup.jpg]]></value>
    </config>
    <config>
      <path>alothemes/font/size</path>
      <value><![CDATA[13px]]></value>
    </config>
    <config>
      <path>alothemes/list/mobile</path>
      <value><![CDATA[1]]></value>
    </config>
    <config>
      <path>alothemes/list/portrait</path>
      <value><![CDATA[2]]></value>
    </config>
    <config>
      <path>alothemes/list/landscape</path>
      <value><![CDATA[2]]></value>
    </config>
    <config>
      <path>alothemes/list/tablet</path>
      <value><![CDATA[3]]></value>
    </config>
    <config>
      <path>alothemes/list/desktop</path>
      <value><![CDATA[2]]></value>
    </config>
    <config>
      <path>alothemes/list/visible</path>
      <value><![CDATA[3]]></value>
    </config>
    <config>
      <path>alothemes/list/padding</path>
      <value><![CDATA[15]]></value>
    </config>
    <config>
      <path>alodesign/base/color</path>
      <value><![CDATA[{"_1460970308665_665":{"title":"Text body","selector":"body, h1, h2, h3, h4, h5, h6, .h1, .h2, .h3, .h4, .h5, .h6","color":"#333333","background":"","border":""},"_1460973866805_805":{"title":"Link body","selector":"body.page-layout-1column a,body.page-layout-2columns-left a,body.page-layout-2columns-right a,.block-collapsible-nav .item a","color":"#333333","background":"","border":""},"_1460970355783_783":{"title":"Link body hover","selector":"body a:hover,body a:focus","color":"#ff5555","background":"","border":""},"_1460973917197_197":{"title":"Background body","selector":"body","color":"","background":"#ffffff","border":""},"_1460973918132_132":{"title":"Label New","selector":".labelnew","color":"#ffffff","background":"#ff7171","border":""},"_1460973919478_478":{"title":"Label Sale","selector":".labelsale","color":"#ffffff","background":"#aaaaaa","border":""},"_1460973920300_300":{"title":"Button","selector":"button.button, button, .cart .continue, .actions-toolbar .primary a.action,button:focus,.block-wishlist .product-item .product-item-actions .actions-primary .action.tocart","color":"#666666","background":"#ffffff","border":"#aaaaaa"},"_1460973921109_109":{"title":"Button hover","selector":"button.button:hover, button:hover, .cart .continue:hover, .actions-toolbar .primary a.action:hover,.block-wishlist .product-item .product-item-actions .actions-primary .action.tocart:hover","color":"#ffffff","background":"#ff5555","border":"#ff5555"},"_1460974143044_44":{"title":"Button checkout","selector":".cart-container .checkout-methods-items .action.primary","color":"#ffffff","background":"#ff5555","border":"#ff5555"},"_1460974161636_636":{"title":"Button checkout hover","selector":".cart-container .checkout-methods-items .action.primary:hover","color":"#242628","background":"#ffffff","border":""},"_1487749465584_584":{"title":"opc-progress-bar","selector":".opc-progress-bar-item:before","color":"","background":"#e4e4e4","border":""},"_1487749465391_391":{"title":"opc-progress-bar after","selector":".opc-progress-bar-item > span:after","color":"#333333","background":"#ffffff","border":""},"_1487749464737_737":{"title":"opc-progress-bar before after","selector":".opc-progress-bar-item > span:before","color":"","background":"#e4e4e4","border":""},"_1487749538580_580":{"title":"opc-progress-bar active","selector":".opc-progress-bar-item._active:before","color":"","background":"#ff5555","border":""},"_1487749537959_959":{"title":"opc-progress-bar active before","selector":".opc-progress-bar-item._active > span:before","color":"","background":"#ff5555","border":""},"_1487750604787_787":{"title":"shipping-address active","selector":".opc-wrapper .shipping-address-item.selected-item","color":"","background":"","border":"#ff5555"},"_1487750605425_425":{"title":"shipping-address active after","selector":".opc-wrapper .shipping-address-item.selected-item:after","color":"#ffffff","background":"#ff5555","border":""},"_1462359190350_350":{"title":"Slide caption1","selector":".home-slider .slick-slide.slick-active .figcaption .caption1","color":"#aaaaaa","background":"","border":""},"_1462359194278_278":{"title":"Slide caption2","selector":".home-slider .slick-slide.slick-active .figcaption .caption2","color":"#000000","background":"","border":""},"_1462359195592_592":{"title":"Slide caption3","selector":".home-slider .slick-slide.slick-active .figcaption .caption3,.caption3 strong","color":"#ffffff","background":"","border":""},"_1462359677068_68":{"title":"Slide2 caption1","selector":".home-slider .slick-slide.slick-active .figcaption .text-slide2 .caption1","color":"#aaaaaa","background":"","border":""}}]]></value>
    </config>
    <config>
      <path>alodesign/header/color</path>
      <value><![CDATA[a:19:{s:18:"_1460974842988_988";a:5:{s:5:"title";s:4:"Link";s:8:"selector";s:14:".page-header a";s:5:"color";s:7:"#333333";s:10:"background";s:0:"";s:6:"border";s:0:"";}s:17:"_1460974844035_35";a:5:{s:5:"title";s:10:"Link hover";s:8:"selector";s:20:".page-header a:hover";s:5:"color";s:7:"#ff5555";s:10:"background";s:0:"";s:6:"border";s:0:"";}s:18:"_1461745654953_953";a:5:{s:5:"title";s:19:"Sign In or Register";s:8:"selector";s:23:".header .top-links li a";s:5:"color";s:7:"#ff5555";s:10:"background";s:0:"";s:6:"border";s:0:"";}s:18:"_1460974844914_914";a:5:{s:5:"title";s:17:"Language,Currency";s:8:"selector";s:177:".header .header-top .label-title, .text-setting, .text-setting:after, .header .header-top .label-title:after, .icon-search, .header .header-top-link li, .header .currency_top li";s:5:"color";s:7:"#333333";s:10:"background";s:0:"";s:6:"border";s:0:"";}s:18:"_1460974846347_347";a:5:{s:5:"title";s:24:"Language,Currency(hover)";s:8:"selector";s:219:".header .header-top .label-title:hover, .text-setting:hover, .text-setting:hover:after, .header .header-top .label-title:hover:after, .icon-search:hover, .header .header-top-link li:hover, .header .currency_top li:hover";s:5:"color";s:7:"#ff5555";s:10:"background";s:0:"";s:6:"border";s:0:"";}s:18:"_1460974849970_970";a:5:{s:5:"title";s:20:"Background Top Color";s:8:"selector";s:11:".header-top";s:5:"color";s:0:"";s:10:"background";s:7:"#ffffff";s:6:"border";s:7:"#efefef";}s:18:"_1460974850895_895";a:5:{s:5:"title";s:24:"Background Content Color";s:8:"selector";s:15:".header-content";s:5:"color";s:0:"";s:10:"background";s:7:"#3f3f3f";s:6:"border";s:0:"";}s:18:"_1460974851962_962";a:5:{s:5:"title";s:23:"Background Bottom Color";s:8:"selector";s:14:".header-bottom";s:5:"color";s:0:"";s:10:"background";s:7:"#ffffff";s:6:"border";s:0:"";}s:18:"_1461746040974_974";a:5:{s:5:"title";s:12:"Minicart qty";s:8:"selector";s:47:".minicart-wrapper .action.showcart .counter.qty";s:5:"color";s:7:"#ffffff";s:10:"background";s:7:"#ff5555";s:6:"border";s:0:"";}s:18:"_1461747058784_784";a:5:{s:5:"title";s:21:"Minicart box dropdown";s:8:"selector";s:33:".minicart-wrapper .block-minicart";s:5:"color";s:0:"";s:10:"background";s:7:"#ffffff";s:6:"border";s:7:"#f0f0f0";}s:18:"_1461746040733_733";a:5:{s:5:"title";s:17:"Minicart checkout";s:8:"selector";s:73:".block-minicart .block-content .actions .primary .action.primary.checkout";s:5:"color";s:7:"#ffffff";s:10:"background";s:7:"#ff5555";s:6:"border";s:7:"#ff5555";}s:18:"_1461746040514_514";a:5:{s:5:"title";s:17:"Minicart viewcart";s:8:"selector";s:60:".block-minicart .block-content .actions .secondary .viewcart";s:5:"color";s:7:"#666666";s:10:"background";s:0:"";s:6:"border";s:7:"#aaaaaa";}s:18:"_1461746040213_213";a:5:{s:5:"title";s:23:"Minicart viewcart hover";s:8:"selector";s:66:".block-minicart .block-content .actions .secondary .viewcart:hover";s:5:"color";s:7:"#ffffff";s:10:"background";s:7:"#ff5555";s:6:"border";s:7:"#ff5555";}s:18:"_1460974852706_706";a:5:{s:5:"title";s:25:"Background Drop-down-menu";s:8:"selector";s:205:".magicmenu .nav-desktop .level0 .level-top-mega,.magicmenu .nav-desktop .level0.dropdown .hasChild ul, .magicmenu .nav-desktop .level0.dropdown .hasChild ul,.magicmenu .nav-desktop .level0.dropdown .level0";s:5:"color";s:0:"";s:10:"background";s:7:"#ffffff";s:6:"border";s:7:"#f0f0f0";}s:18:"_1460974853562_562";a:5:{s:5:"title";s:9:"Item-menu";s:8:"selector";s:42:".magicmenu .nav-desktop .level0 .level-top";s:5:"color";s:7:"#ffffff";s:10:"background";s:0:"";s:6:"border";s:0:"";}s:18:"_1460975123617_617";a:5:{s:5:"title";s:23:"Item-menu(hover,active)";s:8:"selector";s:228:".magicmenu .nav-desktop .level0.over a,.magicmenu .nav-desktop .level0.active a, .magicmenu .nav-desktop .level0.active a span.icon-text, .magicmenu .nav-desktop .level0 a:hover, .magicmenu .nav-desktop .level0 a.icon-text:hover";s:5:"color";s:7:"#ff5555";s:10:"background";s:16:"rgba(0, 0, 0, 0)";s:6:"border";s:0:"";}s:18:"_1460975135746_746";a:5:{s:5:"title";s:25:"Drop-down-menu-link-leve2";s:8:"selector";s:71:".magicmenu .nav-desktop .level0 .level-top-mega .children.level1 &gt; a";s:5:"color";s:7:"#333333";s:10:"background";s:0:"";s:6:"border";s:0:"";}s:18:"_1460975137282_282";a:5:{s:5:"title";s:25:"Drop-down-menu-link-leve3";s:8:"selector";s:245:".magicmenu .nav-desktop .level0 .level-top-mega .children a, .magicmenu .nav-desktop p,.magicmenu .level0.home .level-top-mega a .demo-home,.magicmenu .nav-desktop .level0.dropdown ul li a, .vmagicmenu .vmagicmenu-narrow .level0.dropdown ul li a";s:5:"color";s:7:"#666666";s:10:"background";s:0:"";s:6:"border";s:0:"";}s:18:"_1460975138353_353";a:5:{s:5:"title";s:25:"Drop-down-menu-link-hover";s:8:"selector";s:242:".magicmenu .nav-desktop .level0 .level-top-mega .children a:hover,.magicmenu .level0.home .level-top-mega a .demo-home:hover,.magicmenu .nav-desktop .level0.dropdown ul li a:hover, .vmagicmenu .vmagicmenu-narrow .level0.dropdown ul li a:hover";s:5:"color";s:7:"#ff5555";s:10:"background";s:0:"";s:6:"border";s:0:"";}}]]></value>
    </config>
    <config>
      <path>alodesign/left/color</path>
      <value><![CDATA[{"_1461733216439_439":{"title":"Title filter","selector":".filter-options .filter-options-title","color":"#ff5555","background":"","border":""}}]]></value>
    </config>
    <config>
      <path>alodesign/right/color</path>
      <value><![CDATA[{"_1461733250879_879":{"title":"Title filter","selector":".filter-options .filter-options-title","color":"#ff5555","background":"","border":""}}]]></value>
    </config>
    <config>
      <path>alodesign/content/color</path>
      <value><![CDATA[{"_1461730970276_276":{"title":"Icon wishlist,compare","selector":".item .actions-no .add-to-links a,.products-list .item .product-item-inner .add-to-links .action,.product-view .product-shop .product-social-links a, .product-add-form .product-social-links a","color":"#666666","background":"#ffffff","border":"#aaaaaa"},"_1461731118212_212":{"title":"Icon(hover) wishlist,compare","selector":".item .actions-no .add-to-links a:hover,.products-list .item .product-item-inner .add-to-links .action:hover,.product-view .product-shop .product-social-links a:hover, .product-add-form .product-social-links a:hover","color":"#ffffff","background":"#ff5555","border":"#ff5555"},"_1461732155993_993":{"title":"Title product name","selector":".product-item-name .product-item-link","color":"#333333","background":"","border":""},"_1461732172241_241":{"title":"Title product name hover","selector":".product-item-name .product-item-link:hover","color":"#ff5555","background":"","border":""},"_1461732471049_49":{"title":"Toolbar modes mode","selector":".toolbar .modes-mode","color":"#aaaaaa","background":"","border":"#aaaaaa"},"_1461732472360_360":{"title":"Toolbar modes mode active,hover","selector":".toolbar .modes-mode.active, .toolbar .modes-mode:hover","color":"#ff5555","background":"","border":"#aaaaaa"},"_1461744389557_557":{"title":"Policy box","selector":".support-footer-inner .row-normal","color":"","background":"","border":"#dddddd"},"_1461744449922_922":{"title":"Policy box 2","selector":".support-footer-inner .row-normal::before","color":"","background":"","border":"#dddddd"},"_1461744469700_700":{"title":"Policy icon","selector":".support-footer-inner .support-icon .icons, .support-footer-inner .support-icon .fa","color":"#ff5555","background":"","border":""},"_1461744513613_613":{"title":"Policy title","selector":".support-footer-inner .support-info .info-title","color":"#2a2a2a","background":"","border":""},"_1488248050490_490":{"title":"Popup Newsletter Title","selector":"#popup-newsletter .form-subscribe-header label","color":"#333333","background":"","border":""},"_1488248051390_390":{"title":"Popup Newsletter promotions","selector":"#popup-newsletter .block-content span","color":"#333333","background":"","border":""},"_1488248051583_583":{"title":"Popup Newsletter promotions sale","selector":"#popup-newsletter .block-content span.saleoff","color":"#ff5555","background":"","border":""},"_1488248051776_776":{"title":"Popup Newsletter Box input","selector":"#popup-newsletter .block-content input.input-text","color":"#666666","background":"#ebebeb","border":"#e3e3e3"},"_1488248145476_476":{"title":"Popup Newsletter button","selector":"#popup-newsletter .block-content button.button","color":"","background":"#ff5555","border":""},"_1488248182735_735":{"title":"Popup Newsletter button","selector":"#popup-newsletter .block-content button.button span","color":"#ffffff","background":"","border":""},"_1488248216941_941":{"title":"Popup Newsletter button hover","selector":"#popup-newsletter .block-content button.button:hover","color":"","background":"#333333","border":""},"_1488247199593_593":{"title":"Price color","selector":".price-box .price,.special-price .price","color":"#ff5555","background":"","border":""},"_1488250596665_665":{"title":"Price color","selector":".old-price .price","color":"#cccccc","background":"","border":""},"_1488247201304_304":{"title":"Breadcrumbs","selector":".breadcrumbs li strong","color":"#ff5555","background":"","border":""},"_1488247202241_241":{"title":"Button Cart product page","selector":".product-view .add-to-cart button.button","color":"","background":"#ff5555","border":""},"_1488247204424_424":{"title":"Button Cart product page","selector":".product-view .add-to-cart button.button span","color":"#ffffff","background":"","border":""},"_1488250396496_496":{"title":"Button Cart product page hover","selector":".product-view .add-to-cart button.button:hover","color":"","background":"#ff5555","border":""},"_1488250397318_318":{"title":"Button Cart product page hover span","selector":".product-view .add-to-cart button.button:hover span","color":"#ffffff","background":"","border":""}}]]></value>
    </config>
    <config>
      <path>alodesign/footer/color</path>
      <value><![CDATA[a:20:{s:18:"_1460975745240_240";a:5:{s:5:"title";s:4:"Link";s:8:"selector";s:35:".footer .block-content-statick li a";s:5:"color";s:7:"#dddddd";s:10:"background";s:0:"";s:6:"border";s:0:"";}s:18:"_1460975746527_527";a:5:{s:5:"title";s:10:"Link-hover";s:8:"selector";s:41:".footer .block-content-statick li a:hover";s:5:"color";s:7:"#ff5555";s:10:"background";s:0:"";s:6:"border";s:0:"";}s:18:"_1460975747568_568";a:5:{s:5:"title";s:14:"Background Top";s:8:"selector";s:30:".page-footer .block-footer-top";s:5:"color";s:0:"";s:10:"background";s:7:"#1e1e1e";s:6:"border";s:7:"#1e1e1e";}s:18:"_1460975750427_427";a:5:{s:5:"title";s:17:"Background Bottom";s:8:"selector";s:33:".page-footer .block-footer-bottom";s:5:"color";s:0:"";s:10:"background";s:7:"#1e1e1e";s:6:"border";s:7:"#1e1e1e";}s:18:"_1460975754351_351";a:5:{s:5:"title";s:20:"Background Copyright";s:8:"selector";s:39:".footer-links-company,.footer-copyright";s:5:"color";s:0:"";s:10:"background";s:7:"#131313";s:6:"border";s:0:"";}s:18:"_1460975759167_167";a:5:{s:5:"title";s:4:"Text";s:8:"selector";s:33:".footer .collapsible p,.logo-text";s:5:"color";s:7:"#dddddd";s:10:"background";s:0:"";s:6:"border";s:0:"";}s:18:"_1460975760848_848";a:5:{s:5:"title";s:6:"Social";s:8:"selector";s:20:".footer .social-link";s:5:"color";s:7:"#ffffff";s:10:"background";s:7:"#333333";s:6:"border";s:0:"";}s:18:"_1460975762839_839";a:5:{s:5:"title";s:12:"Social Hover";s:8:"selector";s:26:".footer .social-link:hover";s:5:"color";s:7:"#ffffff";s:10:"background";s:7:"#ff5555";s:6:"border";s:0:"";}s:17:"_1460975764064_64";a:5:{s:5:"title";s:14:"Subscribe Text";s:8:"selector";s:45:".footer .collapsible .form-subscribe-header p";s:5:"color";s:7:"#dddddd";s:10:"background";s:0:"";s:6:"border";s:0:"";}s:17:"_1460975765095_95";a:5:{s:5:"title";s:15:"Subscribe input";s:8:"selector";s:33:".block-subscribe input.input-text";s:5:"color";s:7:"#666666";s:10:"background";s:7:"#343434";s:6:"border";s:7:"#343434";}s:18:"_1460975766584_584";a:5:{s:5:"title";s:16:"Subscribe Button";s:8:"selector";s:39:".block-subscribe .actions button.button";s:5:"color";s:7:"#ffffff";s:10:"background";s:7:"#ff5555";s:6:"border";s:7:"#ff5555";}s:18:"_1460975767584_584";a:5:{s:5:"title";s:22:"Subscribe Button Hover";s:8:"selector";s:45:".block-subscribe .actions button.button:hover";s:5:"color";s:7:"#ff5555";s:10:"background";s:7:"#ffffff";s:6:"border";s:7:"#ffffff";}s:18:"_1460976334176_176";a:5:{s:5:"title";s:3:"Add";s:8:"selector";s:47:".footer .block1.block-content-statick li p span";s:5:"color";s:7:"#dddddd";s:10:"background";s:0:"";s:6:"border";s:0:"";}s:18:"_1461743869638_638";a:5:{s:5:"title";s:20:"company  link footer";s:8:"selector";s:38:".footer-links-company .footer .links a";s:5:"color";s:7:"#666666";s:10:"background";s:0:"";s:6:"border";s:0:"";}s:18:"_1461743868518_518";a:5:{s:5:"title";s:26:"company  link footer hover";s:8:"selector";s:44:".footer-links-company .footer .links a:hover";s:5:"color";s:7:"#ff5555";s:10:"background";s:0:"";s:6:"border";s:0:"";}s:17:"_1460976338029_29";a:5:{s:5:"title";s:12:"Address Text";s:8:"selector";s:23:".footer .copyright span";s:5:"color";s:7:"#696969";s:10:"background";s:0:"";s:6:"border";s:0:"";}s:17:"_1460976339045_45";a:5:{s:5:"title";s:20:"Address Links active";s:8:"selector";s:16:".footer a.active";s:5:"color";s:7:"#ff5555";s:10:"background";s:0:"";s:6:"border";s:0:"";}s:18:"_1460976413138_138";a:5:{s:5:"title";s:22:"Copyright  Links Hover";s:8:"selector";s:46:".block-footer-copyright .footer .links a:hover";s:5:"color";s:7:"#ff5555";s:10:"background";s:0:"";s:6:"border";s:0:"";}s:18:"_1461745578874_874";a:5:{s:5:"title";s:9:"Backtotop";s:8:"selector";s:10:"#backtotop";s:5:"color";s:7:"#ffffff";s:10:"background";s:7:"#ff5555";s:6:"border";s:0:"";}s:18:"_1461745619738_738";a:5:{s:5:"title";s:15:"Backtotop hover";s:8:"selector";s:16:"#backtotop:hover";s:5:"color";s:7:"#ffffff";s:10:"background";s:7:"#444444";s:6:"border";s:0:"";}}]]></value>
    </config>
    <config>
      <path>alodesign/extra_css/color</path>
      <value><![CDATA[.vmagicmenu .level-top a{color: #333333;}
.vmagicmenu .level-top a:hover{color: #ff5555}]]></value>
    </config>
    <config>
      <path>alosocial/instagram/username</path>
      <value><![CDATA[mikutas]]></value>
    </config>
    <config>
      <path>alosocial/instagram/accessToken</path>
      <value><![CDATA[]]></value>
    </config>
    <config>
      <path>alosocial/instagram/limit</path>
      <value><![CDATA[10]]></value>
    </config>
    <config>
      <path>alosocial/general/enabled</path>
      <value><![CDATA[1]]></value>
    </config>
    <config>
      <path>magicmenu/general/dropdown</path>
      <value><![CDATA[5]]></value>
    </config>
    <config>
      <path>magicmenu/topmenu/notIncludeNav</path>
      <value><![CDATA[73,7,39,71,72]]></value>
    </config>
    <config>
      <path>magicmenu/vmenu/enabled</path>
      <value><![CDATA[1]]></value>
    </config>
    <config>
      <path>magicmenu/vmenu/notIncludeNav</path>
      <value><![CDATA[38]]></value>
    </config>
    <config>
      <path>magicmenu/vmenu/demo</path>
      <value><![CDATA[0]]></value>
    </config>
    <config>
      <path>magicmenu/amenu/enabled</path>
      <value><![CDATA[1]]></value>
    </config>
    <config>
      <path>shopbrand/general/title</path>
      <value><![CDATA[]]></value>
    </config>
    <config>
      <path>shopbrand/general/link</path>
      <value><![CDATA[0]]></value>
    </config>
    <config>
      <path>shopbrand/general/landscape</path>
      <value><![CDATA[2]]></value>
    </config>
    <config>
      <path>shopbrand/general/tablet</path>
      <value><![CDATA[3]]></value>
    </config>
    <config>
      <path>shopbrand/general/notebook</path>
      <value><![CDATA[3]]></value>
    </config>
    <config>
      <path>shopbrand/general/desktop</path>
      <value><![CDATA[4]]></value>
    </config>
    <config>
      <path>shopbrand/general/arrows</path>
      <value><![CDATA[true]]></value>
    </config>
    <config>
      <path>shopbrand/general/margin</path>
      <value><![CDATA[30]]></value>
    </config>
    <config>
      <path>shopbrand/product/tablet</path>
      <value><![CDATA[4]]></value>
    </config>
    <config>
      <path>shopbrand/product/notebook</path>
      <value><![CDATA[5]]></value>
    </config>
    <config>
      <path>shopbrand/product/desktop</path>
      <value><![CDATA[5]]></value>
    </config>
    <config>
      <path>shopbrand/product/visible</path>
      <value><![CDATA[6]]></value>
    </config>
    <config>
      <path>shopbrand/product/margin</path>
      <value><![CDATA[15]]></value>
    </config>
    <config>
      <path>testimonial/general/title</path>
      <value><![CDATA[]]></value>
    </config>
    <config>
      <path>testimonial/general/dots</path>
      <value><![CDATA[true]]></value>
    </config>
    <config>
      <path>testimonial/general/portrait</path>
      <value><![CDATA[1]]></value>
    </config>
    <config>
      <path>testimonial/general/landscape</path>
      <value><![CDATA[1]]></value>
    </config>
    <config>
      <path>testimonial/general/tablet</path>
      <value><![CDATA[1]]></value>
    </config>
    <config>
      <path>testimonial/general/notebook</path>
      <value><![CDATA[1]]></value>
    </config>
    <config>
      <path>testimonial/general/desktop</path>
      <value><![CDATA[1]]></value>
    </config>
    <config>
      <path>testimonial/general/visible</path>
      <value><![CDATA[1]]></value>
    </config>
    <config>
      <path>testimonial/general/arrows</path>
      <value><![CDATA[false]]></value>
    </config>
    <config>
      <path>testimonial/general/margin</path>
      <value><![CDATA[30]]></value>
    </config>
    <config>
      <path>web/default/front</path>
      <value>cms</value>
    </config>
    <config>
      <path>web/default/cms_home_page</path>
      <value>demo3</value>
    </config>
    <config>
      <path>web/default/cms_no_route</path>
      <value>no-route</value>
    </config>
  </system>
  <theme>Alothemes/milano3</theme>
</root>
