<?xml version="1.0" encoding="UTF-8"?>
<root>
  <magicslider>
    <item>
      <title><![CDATA[Slide Demo 1]]></title>
      <identifier><![CDATA[slide1]]></identifier>
      <config><![CDATA[{"magicslider_id":"1","title":"Slide Demo 1","status":"1","mobile":"1","portrait":"1","landscape":"1","tablet":"1","notebook":"1","desktop":"1","visible":"1","vertical":"false","infinite":"true","autoplay":"true","arrows":"false","dots":"true","rows":"1","speed":"400","autoplay-Speed":"6000","padding":"0","media_gallery":{"images":{"wfhghcefmt5":{"position":"0","media_type":"image","video_provider":"","file":"\/s\/l\/slide1.jpg","value_id":"","label":"Alothemes","link":"http:\/\/alothemes.com\/","caption":"<div class=\"container figcaption\">\r\n\t\t\t<div class=\"text-slide\">\r\n\t\t\t\t<h3 class=\"caption1\">new<\/h3>\r\n\t\t\t\t<h3 class=\"caption2\">fashion<\/h3>\r\n\t\t\t\t<h3 class=\"caption3\"><strong>&<\/strong>style<\/h3>\r\n\t\t\t<\/div>\r\n\t\t<\/div>","disabled":"0","removed":"","video_url":"","video_title":"","video_description":"","video_metadata":"","role":""},"1j4g0ukibbh":{"position":"1","media_type":"external-video","video_provider":"","file":"\/s\/l\/slide3_2_1.jpg","value_id":"","label":"","link":"","caption":"","disabled":"0","removed":"","video_url":"https:\/\/vimeo.com\/18433850","video_title":"Fashion is","video_description":"NON PROFIT - FASHION VIDEO\r\n\r\nDirection:\r\nMIMI ANTOLOVI\u0106 and DEN BARUCA\r\n\r\nCamera and light:\r\nURO\u0160\u00a0 VOVK (MUVA)\r\n\r\nStyling:\r\nDANAJA VEGELJ\r\n\r\nMake up:\r\nTINA FABJAN (Head of make up artists Max Factor Slovenia)\r\n\r\nHair:\r\nMATJA\u017d\u00a0\u0160I\u0160KA and BORUT NOVAK (Mi\u010d\u008d styling)\r\n\r\nEditing and postproduction:\r\nDEN BARUCA (Thenvision)\r\n\r\nMusic:\r\nMr You're On Fire Mr\r\nYEAH YEAH YEAHS\r\n\r\nModels (MG - model group):\r\nBRINA\r\nJASMINA\r\nAJDA\r\nANELA\r\nSARA\r\n\r\nmade by ZVEREENE","video_metadata":"","role":"NON PROFIT - FASHION VIDEO\r\n\r\nDirection:\r\nMIMI ANTOLOVI\u0106 and DEN BARUCA\r\n\r\nCamera and light:\r\nURO\u0160\u00a0 VOVK (MUVA)\r\n\r\nStyling:\r\nDANAJA VEGELJ\r\n\r\nMake up:\r\nTINA FABJAN (Head of make up artists Max Factor Slovenia)\r\n\r\nHair:\r\nMATJA\u017d\u00a0\u0160I\u0160KA and BORUT NOVAK (Mi\u010d\u008d styling)\r\n\r\nEditing and postproduction:\r\nDEN BARUCA (Thenvision)\r\n\r\nMusic:\r\nMr You're On Fire Mr\r\nYEAH YEAH YEAHS\r\n\r\nModels (MG - model group):\r\nBRINA\r\nJASMINA\r\nAJDA\r\nANELA\r\nSARA\r\n\r\nmade by ZVEREENE"},"d7m9fn96ot7":{"position":"2","media_type":"image","video_provider":"","file":"\/s\/l\/slide2_1.jpg","value_id":"","label":"Alothemes","link":"http:\/\/alothemes.com\/","caption":"<div class=\"container figcaption\">\r\n\t\t\t<div class=\"text-slide text-slide2\">\r\n\t\t\t\t<h3 class=\"caption1\">Lookbook<\/h3>\r\n\t\t\t\t<h3 class=\"caption2\">real man<\/h3>\r\n\t\t\t<\/div>\r\n\t\t<\/div>","disabled":"0","removed":"","video_url":"","video_title":"","video_description":"","video_metadata":"","role":""},"rns4rfb05er":{"position":"3","media_type":"image","video_provider":"","file":"\/s\/l\/slide3_2.jpg","value_id":"","label":"Alothemes","link":"http:\/\/alothemes.com\/","caption":"<div class=\"container figcaption\">\r\n\t\t\t<div class=\"text-slide text-slide2\">\r\n\t\t\t\t<h3 class=\"caption1\">spring<\/h3>\r\n\t\t\t\t<h3 class=\"caption2\">collection<\/h3>\r\n\t\t\t<\/div>\r\n\t\t<\/div>","disabled":"0","removed":"","video_url":"","video_title":"","video_description":"","video_metadata":"","role":""}}}}]]></config>
      <status><![CDATA[1]]></status>
    </item>
    <item>
      <title><![CDATA[Slide Demo 2]]></title>
      <identifier><![CDATA[slide2]]></identifier>
      <config><![CDATA[{"title":"Slide Demo 2","identifier":"slide2","status":"1","mobile":"1","portrait":"1","landscape":"1","tablet":"1","notebook":"1","desktop":"1","visible":"1","vertical":"false","infinite":"true","autoplay":"true","arrows":"false","dots":"true","rows":"1","speed":"400","autoplay-Speed":"6000","padding":"0","media_gallery":{"images":{"7rkfi353sp3r7i53t9":{"position":"1","media_type":"image","video_provider":"","file":"\/h\/o\/homev2_01.jpg","value_id":"","label":"Alothemes","link":"http:\/\/alothemes.com\/","caption":"<div class=\"container-none figcaption\">\r\n\t\t\t\t\t\t\t\t<div class=\"text-slide\">\r\n\t\t\t\t\t\t\t\t\t<h3 class=\"caption1\">new<\/h3>\r\n\t\t\t\t\t\t\t\t\t<h3 class=\"caption2\">fashion<\/h3>\r\n\t\t\t\t\t\t\t\t\t<h3 class=\"caption3\"><strong>&amp;<\/strong>style<\/h3>\r\n\t\t\t\t\t\t\t\t<\/div>\r\n\t\t\t\t\t\t\t<\/div>","disabled":"0","removed":"","video_url":"","video_title":"","video_description":"","video_metadata":"","role":""},"d5it1nedgfbjqd32l2":{"position":"2","media_type":"image","video_provider":"","file":"\/h\/o\/homev2_02.jpg","value_id":"","label":"Alothemes","link":"http:\/\/alothemes.com\/","caption":"<div class=\"container-none figcaption\">\r\n\t\t\t\t\t\t\t\t<div class=\"text-slide text-slide2\">\r\n\t\t\t\t\t\t\t\t\t<h3 class=\"caption1\">Lookbook<\/h3>\r\n\t\t\t\t\t\t\t\t\t<h3 class=\"caption2\">real man<\/h3>\r\n\t\t\t\t\t\t\t\t<\/div>\r\n\t\t\t\t\t\t\t<\/div>","disabled":"0","removed":"","video_url":"","video_title":"","video_description":"","video_metadata":"","role":""}}}}]]></config>
      <status><![CDATA[1]]></status>
    </item>
    <item>
      <title><![CDATA[Slide Demo 3]]></title>
      <identifier><![CDATA[slide3]]></identifier>
      <config><![CDATA[{"magicslider_id":"3","title":"Slide Demo 3","status":"1","mobile":"1","portrait":"1","landscape":"1","tablet":"1","notebook":"1","desktop":"1","visible":"1","vertical":"false","infinite":"true","autoplay":"false","arrows":"false","dots":"true","rows":"1","speed":"400","autoplay-Speed":"6000","padding":"0","media_gallery":{"images":{"dj73alkdbld":{"position":"1","media_type":"image","video_provider":"","file":"\/s\/l\/slidev3_01.jpg","value_id":"","label":"Alothemes","link":"http:\/\/alothemes.com\/","caption":"<div class=\"container figcaption\">\r\n\t\t\t<div class=\"text-slide text-slide2\">\r\n\t\t\t\t<h3 class=\"caption1\">spring<\/h3>\r\n\t\t\t\t<h3 class=\"caption2\">collection<\/h3>\r\n\t\t\t<\/div>\r\n\t\t<\/div>","disabled":"0","removed":"","video_url":"","video_title":"","video_description":"","video_metadata":"","role":""},"hqi28n9uqoo":{"position":"2","media_type":"image","video_provider":"","file":"\/s\/l\/slidev3_02.jpg","value_id":"","label":"Alothemes","link":"http:\/\/alothemes.com\/","caption":"<div class=\"container figcaption\">\r\n\t\t\t<div class=\"text-slide text-slide2\">\r\n\t\t\t\t<h3 class=\"caption1\">Lookbook<\/h3>\r\n\t\t\t\t<h3 class=\"caption2\">real man<\/h3>\r\n\t\t\t<\/div>\r\n\t\t<\/div>","disabled":"0","removed":"","video_url":"","video_title":"","video_description":"","video_metadata":"","role":""},"d3npsgdpl1j":{"position":"3","media_type":"image","video_provider":"","file":"\/s\/l\/slidev3_03.jpg","value_id":"","label":"Alothemes","link":"http:\/\/alothemes.com\/","caption":"<div class=\"container figcaption\">\r\n\t\t\t<div class=\"text-slide\">\r\n\t\t\t\t<h3 class=\"caption1\">new<\/h3>\r\n\t\t\t\t<h3 class=\"caption2\">fashion<\/h3>\r\n\t\t\t\t<h3 class=\"caption3\"><strong>&<\/strong>style<\/h3>\r\n\t\t\t<\/div>\r\n\t\t<\/div>","disabled":"0","removed":"","video_url":"","video_title":"","video_description":"","video_metadata":"","role":""}}}}]]></config>
      <status><![CDATA[1]]></status>
    </item>
    <item>
      <title><![CDATA[Slide Demo 4]]></title>
      <identifier><![CDATA[slide4]]></identifier>
      <config><![CDATA[{"title":"Slide Demo 4","identifier":"slide4","status":"1","mobile":"1","portrait":"1","landscape":"1","tablet":"1","notebook":"1","desktop":"1","visible":"1","vertical":"false","infinite":"true","autoplay":"true","arrows":"false","dots":"true","rows":"1","speed":"400","autoplay-Speed":"6000","padding":"0","media_gallery":{"images":{"bv375l5a30nfokc5p7":{"position":"1","media_type":"image","video_provider":"","file":"\/s\/l\/slidev4_01.jpg","value_id":"","label":"Alothemes","link":"http:\/\/alothemes.com\/","caption":"<div class=\"container figcaption\">\r\n\t\t\t<div class=\"text-slide\">\r\n\t\t\t    <h3 class=\"caption1\">new<\/h3>\r\n\t\t\t\t<h3 class=\"caption2\">fashion<\/h3>\r\n\t\t\t\t<h3 class=\"caption3\"><strong>&amp;<\/strong>style<\/h3>\r\n\t\t\t<\/div>\r\n\t\t<\/div>","disabled":"0","removed":"","video_url":"","video_title":"","video_description":"","video_metadata":"","role":""},"d9pds784bhn9whvbl9":{"position":"2","media_type":"image","video_provider":"","file":"\/s\/l\/slidev4_02.jpg","value_id":"","label":"Alothemes","link":"http:\/\/alothemes.com\/","caption":"<div class=\"container figcaption\">\r\n\t\t\t<div class=\"text-slide text-slide2\">\r\n\t\t\t\t<h3 class=\"caption1\">Lookbook<\/h3>\r\n\t\t\t\t<h3 class=\"caption2\">real man<\/h3>\r\n\t\t\t<\/div>\r\n\t\t<\/div>","disabled":"0","removed":"","video_url":"","video_title":"","video_description":"","video_metadata":"","role":""},"8gsqwaoc2nhw0t93gp":{"position":"3","media_type":"image","video_provider":"","file":"\/s\/l\/slidev4_03.jpg","value_id":"","label":"Alothemes","link":"http:\/\/alothemes.com\/","caption":"<div class=\"container figcaption\">\r\n\t\t\t<div class=\"text-slide text-slide2\">\r\n\t\t\t\t<h3 class=\"caption1\">spring<\/h3>\r\n\t\t\t\t<h3 class=\"caption2\">collection<\/h3>\r\n\t\t\t<\/div>\r\n\t\t<\/div>","disabled":"0","removed":"","video_url":"","video_title":"","video_description":"","video_metadata":"","role":""}}}}]]></config>
      <status><![CDATA[1]]></status>
    </item>
    <item>
      <title><![CDATA[Slide Demo 6]]></title>
      <identifier><![CDATA[slide6]]></identifier>
      <config><![CDATA[{"title":"Slide Demo 6","identifier":"slide6","status":"1","mobile":"1","portrait":"1","landscape":"1","tablet":"1","notebook":"1","desktop":"1","visible":"1","vertical":"false","infinite":"true","autoplay":"true","arrows":"false","dots":"true","rows":"1","speed":"400","autoplay-Speed":"6000","padding":"0","media_gallery":{"images":{"gbptfgo6svu9lw530d":{"position":"1","media_type":"image","video_provider":"","file":"\/h\/o\/home-slidev6_01.jpg","value_id":"","label":"Alothemes","link":"http:\/\/alothemes.com\/","caption":"<div class=\"container figcaption\">\r\n\t\t\t\t\t\t<div class=\"text-slide\">\r\n\t\t\t\t\t\t\t<h3 class=\"caption1\">new<\/h3>\r\n\t\t\t\t\t\t\t<h3 class=\"caption2\">fashion<\/h3>\r\n\t\t\t\t\t\t\t<h3 class=\"caption3\"><strong>&amp;<\/strong>style<\/h3>\r\n\t\t\t\t\t\t<\/div>\r\n\t\t\t\t\t<\/div>","disabled":"0","removed":"","video_url":"","video_title":"","video_description":"","video_metadata":"","role":""},"59cbvvh2kc5njbn8sn":{"position":"2","media_type":"image","video_provider":"","file":"\/h\/o\/home-slidev6_02.jpg","value_id":"","label":"Alothemes","link":"http:\/\/alothemes.com\/","caption":"<div class=\"container figcaption\">\r\n\t\t\t\t\t\t<div class=\"text-slide text-slide2\">\r\n\t\t\t\t\t\t\t<h3 class=\"caption1\">spring<\/h3>\r\n\t\t\t\t\t\t\t<h3 class=\"caption2\">collection<\/h3>\r\n\t\t\t\t\t\t<\/div>\r\n\t\t\t\t\t<\/div>","disabled":"0","removed":"","video_url":"","video_title":"","video_description":"","video_metadata":"","role":""}}}}]]></config>
      <status><![CDATA[1]]></status>
    </item>
    <item>
      <title><![CDATA[Slide Demo 5]]></title>
      <identifier><![CDATA[slide5]]></identifier>
      <config><![CDATA[{"title":"Slide Demo 5","identifier":"slide5","status":"1","mobile":"1","portrait":"1","landscape":"1","tablet":"1","notebook":"1","desktop":"1","visible":"1","vertical":"false","infinite":"true","autoplay":"true","arrows":"false","dots":"true","rows":"1","speed":"400","autoplay-Speed":"6000","padding":"0","media_gallery":{"images":{"dpqinn6pcpbs030dml":{"position":"1","media_type":"image","video_provider":"","file":"\/h\/o\/home-slidev5_01.jpg","value_id":"","label":"Alothemes","link":"http:\/\/alothemes.com\/","caption":"<div class=\"container-none figcaption\">\r\n\t\t\t\t\t\t<div class=\"text-slide\">\r\n\t\t\t\t\t\t\t<h3 class=\"caption1\">new<\/h3>\r\n\t\t\t\t\t\t\t<h3 class=\"caption2\">fashion<\/h3>\r\n\t\t\t\t\t\t\t<h3 class=\"caption3\"><strong>&amp;<\/strong>style<\/h3>\r\n\t\t\t\t\t\t<\/div>\r\n\t\t\t\t\t<\/div>","disabled":"0","removed":"","video_url":"","video_title":"","video_description":"","video_metadata":"","role":""},"9dup7b509ca00dl6bj":{"position":"2","media_type":"image","video_provider":"","file":"\/h\/o\/home-slidev5_02.jpg","value_id":"","label":"Alothemes","link":"http:\/\/alothemes.com\/","caption":"<div class=\"container-none figcaption\">\r\n\t\t\t\t\t\t<div class=\"text-slide text-slide2\">\r\n\t\t\t\t\t\t\t<h3 class=\"caption1\">Lookbook<\/h3>\r\n\t\t\t\t\t\t\t<h3 class=\"caption2\">real man<\/h3>\r\n\t\t\t\t\t\t<\/div>\r\n\t\t\t\t\t<\/div>","disabled":"0","removed":"","video_url":"","video_title":"","video_description":"","video_metadata":"","role":""},"0km3ac39rga5duf89s":{"position":"3","media_type":"image","video_provider":"","file":"\/h\/o\/home-slidev5_03.jpg","value_id":"","label":"Alothemes","link":"http:\/\/alothemes.com\/","caption":"<div class=\"container-none figcaption\">\r\n\t\t\t\t\t\t<div class=\"text-slide text-slide2\">\r\n\t\t\t\t\t\t\t<h3 class=\"caption1\">spring<\/h3>\r\n\t\t\t\t\t\t\t<h3 class=\"caption2\">collection<\/h3>\r\n\t\t\t\t\t\t<\/div>\r\n\t\t\t\t\t<\/div>","disabled":"0","removed":"","video_url":"","video_title":"","video_description":"","video_metadata":"","role":""}}}}]]></config>
      <status><![CDATA[1]]></status>
    </item>
    <item>
      <title><![CDATA[Slider Demo 12]]></title>
      <identifier><![CDATA[slider12]]></identifier>
      <config><![CDATA[{"magicslider_id":"7","title":"Slider Demo 12","status":"1","mobile":"1","portrait":"1","landscape":"1","tablet":"1","notebook":"1","desktop":"1","visible":"1","vertical":"false","infinite":"true","autoplay":"false","arrows":"false","dots":"true","rows":"1","speed":"400","autoplay-Speed":"6000","padding":"0","media_gallery":{"images":{"wsv7hk24sm":{"position":"1","media_type":"image","video_provider":"","file":"\/s\/l\/slider1_12.jpg","value_id":"","label":"Alothemes Milano","link":"http:\/\/alothemes.com\/","caption":"<div class=\"container figcaption\">\r\n\t<div class=\"text-slide text-slide3\">\r\n\t\t<h3 class=\"caption1\">new<\/h3>\r\n\t\t<h3 class=\"caption2\">fashion<\/h3>\r\n\t\t<h3 class=\"caption3\"><strong>&<\/strong>style<\/h3>\r\n\t<\/div>\r\n<\/div>","disabled":"0","removed":"","video_url":"","video_title":"","video_description":"","video_metadata":"","role":""},"mc6dq17f38o":{"position":"2","media_type":"image","video_provider":"","file":"\/s\/l\/slider2_12.jpg","value_id":"","label":"Alothemes Milano","link":"http:\/\/alothemes.com\/","caption":"<div class=\"container figcaption\">\r\n\t\t\t<div class=\"text-slide text-slide2\">\r\n\t\t\t\t<h3 class=\"caption1\">Lookbook<\/h3>\r\n\t\t\t\t<h3 class=\"caption2\">real man<\/h3>\r\n\t\t\t<\/div>\r\n\t\t<\/div>","disabled":"0","removed":"","video_url":"","video_title":"","video_description":"","video_metadata":"","role":""},"wmewcrmkmie":{"position":"3","media_type":"image","video_provider":"","file":"\/s\/l\/slider3_12.jpg","value_id":"","label":"Alothemes Milano","link":"http:\/\/alothemes.com\/","caption":"<div class=\"container figcaption\">\r\n\t\t\t<div class=\"text-slide text-slide2\">\r\n\t\t\t\t<h3 class=\"caption1\">spring<\/h3>\r\n\t\t\t\t<h3 class=\"caption2\">collection<\/h3>\r\n\t\t\t<\/div>\r\n\t\t<\/div>","disabled":"0","removed":"","video_url":"","video_title":"","video_description":"","video_metadata":"","role":""}}}}]]></config>
      <status><![CDATA[1]]></status>
    </item>
    <item>
      <title><![CDATA[slide13]]></title>
      <identifier><![CDATA[slide13]]></identifier>
      <config><![CDATA[{"magicslider_id":"8","title":"slide13","status":"1","mobile":"1","portrait":"1","landscape":"1","tablet":"1","notebook":"1","desktop":"1","visible":"1","vertical":"false","infinite":"true","autoplay":"false","arrows":"false","dots":"true","rows":"1","speed":"300","autoplay-Speed":"3000","padding":"15","media_gallery":{"images":{"1okd5tr4njke":{"position":"0","media_type":"image","video_provider":"","file":"\/s\/l\/slide13-1.jpg","value_id":"","label":"","link":"#","caption":"<div class=\"container figcaption\">\r\n    <div class=\"text-slide text-slide1\">\r\n        <h3 class=\"caption1\">New Fashion 2019<\/h3>\r\n        <h3 class=\"caption2\">The new of women <br> collection<\/h3>\r\n        <h3 class=\"caption3\"><a class=\"show-now\" href=\"#\">Show now<\/a><\/h3>\r\n    <\/div>\r\n<\/div>","disabled":"0","removed":"","video_url":"","video_title":"","video_description":"","video_metadata":"","role":""},"mw503ww9p2":{"position":"1","media_type":"image","video_provider":"","file":"\/s\/l\/slide13-2.jpg","value_id":"","label":"","link":"#","caption":"<div class=\"container figcaption\">\r\n    <div class=\"text-slide text-slide2\">      \r\n        <h3 class=\"caption2\">Shopping with us<\/h3>\r\n        <h3 class=\"caption1\">ENJOY WITH <span>25%<\/span> OFF<\/h3>\r\n        <h3 class=\"caption3\"><a class=\"show-now\" href=\"#\">Show now<\/a><\/h3>\r\n    <\/div>\r\n<\/div>","disabled":"0","removed":"","video_url":"","video_title":"","video_description":"","video_metadata":"","role":""},"d297alq0p7f":{"position":"2","media_type":"image","video_provider":"","file":"\/s\/l\/sldie13-3.jpg","value_id":"","label":"","link":"#","caption":"<div class=\"container figcaption\">\r\n    <div class=\"text-slide text-slide3\">\r\n        <h3 class=\"caption1\">Welcome to the<\/h3>\r\n        <h3 class=\"caption2\">allure<span class=\"dot\"><i class=\"fa fa-circle\"><\/i><\/span> fashion brands<\/h3>\r\n        <h3 class=\"caption1\">www.alothemes.com\/<\/h3>\r\n        <h3 class=\"caption3\"><a class=\"show-now\" href=\"#\">Show now<\/a><\/h3>\r\n    <\/div>\r\n<\/div>","disabled":"0","removed":"","video_url":"","video_title":"","video_description":"","video_metadata":"","role":""}}}}]]></config>
      <status><![CDATA[1]]></status>
    </item>
    <item>
      <title><![CDATA[slide15]]></title>
      <identifier><![CDATA[slide15]]></identifier>
      <config><![CDATA[{"magicslider_id":"9","title":"slide15","status":"1","mobile":"1","portrait":"1","landscape":"1","tablet":"1","notebook":"1","desktop":"1","visible":"1","vertical":"false","infinite":"true","autoplay":"false","arrows":"false","dots":"true","rows":"1","speed":"300","autoplay-Speed":"3000","padding":"15","media_gallery":{"images":{"rks2tfisof":{"position":"1","media_type":"image","video_provider":"","file":"\/s\/l\/slider15-1.jpg","value_id":"","label":"","link":"#","caption":"<div class=\"container figcaption\">\r\n    <div class=\"text-slide text-slide1\">\r\n        <h3 class=\"caption1\">New Pet Collection<\/h3>\r\n        <h3 class=\"caption2\">Enjoy with <span class=\"color\">25%<\/span> off<\/h3>\r\n        <h3 class=\"caption3\"><a class=\"show-now\" href=\"#\">Show now<\/a><\/h3>\r\n    <\/div>\r\n<\/div>\r\n","disabled":"0","removed":"","video_url":"","video_title":"","video_description":"","video_metadata":"","role":""},"fcpd9e704va":{"position":"2","media_type":"image","video_provider":"","file":"\/s\/l\/slider15-2.jpg","value_id":"","label":"","link":"#","caption":"<div class=\"container figcaption\">\r\n    <div class=\"text-slide text-slide2\">\r\n        <h3 class=\"caption1\">New Pet Collection<\/h3>\r\n        <h3 class=\"caption2\">Enjoy with <span class=\"color\">25%<\/span> off<\/h3>\r\n        <h3 class=\"caption3\"><a class=\"show-now\" href=\"#\">Show now<\/a><\/h3>\r\n    <\/div>\r\n<\/div>","disabled":"0","removed":"","video_url":"","video_title":"","video_description":"","video_metadata":"","role":""}}}}]]></config>
      <status><![CDATA[1]]></status>
    </item>
    <item>
      <title><![CDATA[slide16]]></title>
      <identifier><![CDATA[slide16]]></identifier>
      <config><![CDATA[{"magicslider_id":"10","title":"slide16","status":"1","mobile":"1","portrait":"1","landscape":"1","tablet":"1","notebook":"1","desktop":"1","visible":"1","vertical":"false","infinite":"true","autoplay":"false","arrows":"false","dots":"true","rows":"1","speed":"300","autoplay-Speed":"3000","padding":"0","media_gallery":{"images":{"ha4dftiar5":{"position":"3","media_type":"image","video_provider":"","file":"\/s\/l\/slide16-1.jpg","value_id":"","label":"","link":"#","caption":"<div class=\"container figcaption\">\r\n    <div class=\"text-slide text-slide1\">\r\n        <h3 class=\"caption1\"><span class=\"letter first\">The<\/span><span class=\"letter second\">Spring<\/span><span class=\"letter third\">Report<\/span><\/h3>\r\n        <h3 class=\"caption3\"><a class=\"show-now\" href=\"#\">Show now<\/a><\/h3>\r\n    <\/div>\r\n<\/div>","disabled":"0","removed":"","video_url":"","video_title":"","video_description":"","video_metadata":"","role":""},"544cndkmp91":{"position":"4","media_type":"image","video_provider":"","file":"\/s\/l\/slide16-2.jpg","value_id":"","label":"","link":"#","caption":"<div class=\"container figcaption\">\r\n    <div class=\"text-slide text-slide2\">\r\n        <h3 class=\"caption1\">The Spring Report<\/h3>\r\n        <h3 class=\"caption2\">Enjoy with <span class=\"color\">25%<\/span> off<\/h3>\r\n        <h3 class=\"caption3\"><a class=\"show-now\" href=\"#\">Show now<\/a><\/h3>\r\n    <\/div>\r\n<\/div>","disabled":"0","removed":"","video_url":"","video_title":"","video_description":"","video_metadata":"","role":""}}}}]]></config>
      <status><![CDATA[1]]></status>
    </item>
  </magicslider>
</root>
