<?xml version="1.0" encoding="UTF-8"?>
<root>
  <system>
    <config>
      <path>alothemes/grid/portrait</path>
      <value><![CDATA[2]]></value>
    </config>
    <config>
      <path>alothemes/grid/tablet</path>
      <value><![CDATA[3]]></value>
    </config>
    <config>
      <path>alothemes/grid/notebook</path>
      <value><![CDATA[3]]></value>
    </config>
    <config>
      <path>alothemes/grid/desktop</path>
      <value><![CDATA[2]]></value>
    </config>
    <config>
      <path>alothemes/grid_widget/notebook</path>
      <value><![CDATA[3]]></value>
    </config>
    <config>
      <path>alothemes/grid_widget/laptop</path>
      <value><![CDATA[3]]></value>
    </config>
    <config>
      <path>alothemes/grid_widget/desktop</path>
      <value><![CDATA[3]]></value>
    </config>
    <config>
      <path>alothemes/grid_widget/widescreen</path>
      <value><![CDATA[3]]></value>
    </config>
    <config>
      <path>alothemes/grid_widget/visible</path>
      <value><![CDATA[3]]></value>
    </config>
    <config>
      <path>alothemes/related/padding</path>
      <value><![CDATA[10]]></value>
    </config>
    <config>
      <path>alothemes/related/landscape</path>
      <value><![CDATA[2]]></value>
    </config>
    <config>
      <path>alothemes/related/notebook</path>
      <value><![CDATA[3]]></value>
    </config>
    <config>
      <path>alothemes/related/laptop</path>
      <value><![CDATA[3]]></value>
    </config>
    <config>
      <path>alothemes/related/arrows</path>
      <value><![CDATA[true]]></value>
    </config>
    <config>
      <path>alothemes/upsell/padding</path>
      <value><![CDATA[10]]></value>
    </config>
    <config>
      <path>alothemes/upsell/landscape</path>
      <value><![CDATA[2]]></value>
    </config>
    <config>
      <path>alothemes/upsell/notebook</path>
      <value><![CDATA[3]]></value>
    </config>
    <config>
      <path>alothemes/upsell/laptop</path>
      <value><![CDATA[3]]></value>
    </config>
    <config>
      <path>alothemes/upsell/arrows</path>
      <value><![CDATA[true]]></value>
    </config>
    <config>
      <path>alothemes/crosssell/padding</path>
      <value><![CDATA[10]]></value>
    </config>
    <config>
      <path>alothemes/crosssell/landscape</path>
      <value><![CDATA[2]]></value>
    </config>
    <config>
      <path>alothemes/crosssell/notebook</path>
      <value><![CDATA[3]]></value>
    </config>
    <config>
      <path>alothemes/crosssell/laptop</path>
      <value><![CDATA[3]]></value>
    </config>
    <config>
      <path>alothemes/crosssell/arrows</path>
      <value><![CDATA[true]]></value>
    </config>
    <config>
      <path>alothemes/recentorder/product_ids</path>
      <value><![CDATA[138,128,134]]></value>
    </config>
    <config>
      <path>alothemes/labels/salePercent</path>
      <value><![CDATA[0]]></value>
    </config>
    <config>
      <path>alothemes/timer/enabled</path>
      <value><![CDATA[1]]></value>
    </config>
    <config>
      <path>alothemes/newsletter/height</path>
      <value><![CDATA[336]]></value>
    </config>
    <config>
      <path>alothemes/newsletter/background_image</path>
      <value><![CDATA[default/NewsletterPopup.jpg]]></value>
    </config>
    <config>
      <path>alothemes/font/size</path>
      <value><![CDATA[13px]]></value>
    </config>
    <config>
      <path>alothemes/font/google</path>
      <value><![CDATA[Lato]]></value>
    </config>
    <config>
      <path>alothemes/list/mobile</path>
      <value><![CDATA[1]]></value>
    </config>
    <config>
      <path>alothemes/list/portrait</path>
      <value><![CDATA[2]]></value>
    </config>
    <config>
      <path>alothemes/list/landscape</path>
      <value><![CDATA[2]]></value>
    </config>
    <config>
      <path>alothemes/list/tablet</path>
      <value><![CDATA[3]]></value>
    </config>
    <config>
      <path>alothemes/list/desktop</path>
      <value><![CDATA[2]]></value>
    </config>
    <config>
      <path>alothemes/list/visible</path>
      <value><![CDATA[3]]></value>
    </config>
    <config>
      <path>alothemes/list/padding</path>
      <value><![CDATA[15]]></value>
    </config>
    <config>
      <path>alodesign/base/color</path>
      <value><![CDATA[{"_1460970308665_665":{"title":"Text body","selector":"body, h1, h2, h3, h4, h5, h6, .h1, .h2, .h3, .h4, .h5, .h6","color":"#333333","background":"","border":""},"_1460973866805_805":{"title":"Link body","selector":"body.page-layout-1column a,body.page-layout-2columns-left a,body.page-layout-2columns-right a,.block-collapsible-nav .item a","color":"#333333","background":"","border":""},"_1460970355783_783":{"title":"Link body hover","selector":"body a:hover,body a:focus","color":"#ff00aa","background":"","border":""},"_1460973917197_197":{"title":"Background body","selector":"body","color":"","background":"#ffffff","border":""},"_1460973918132_132":{"title":"Label New","selector":".labelnew","color":"#ffffff","background":"#7ac1f7","border":""},"_1460973919478_478":{"title":"Label Sale","selector":".labelsale","color":"#ffffff","background":"#b8b8b8","border":""},"_1460973920300_300":{"title":"Button","selector":"button.button, button, .cart .continue, .actions-toolbar .primary a.action,button:focus,.block-wishlist .product-item .product-item-actions .actions-primary .action.tocart","color":"#666666","background":"#ffffff","border":"#aaaaaa"},"_1460973921109_109":{"title":"Button hover","selector":"button.button:hover, button:hover, .cart .continue:hover, .actions-toolbar .primary a.action:hover,.block-wishlist .product-item .product-item-actions .actions-primary .action.tocart:hover","color":"#ffffff","background":"#ff00aa","border":"#ff00aa"},"_1460974143044_44":{"title":"Button checkout","selector":".cart-container .checkout-methods-items .action.primary","color":"#ffffff","background":"#ff00aa","border":"#ff00aa"},"_1460974161636_636":{"title":"Button checkout hover","selector":".cart-container .checkout-methods-items .action.primary:hover","color":"#242628","background":"#ffffff","border":""},"_1487749465584_584":{"title":"opc-progress-bar","selector":".opc-progress-bar-item:before","color":"","background":"#e4e4e4","border":""},"_1487749465391_391":{"title":"opc-progress-bar after","selector":".opc-progress-bar-item > span:after","color":"#333333","background":"#ffffff","border":""},"_1487749464737_737":{"title":"opc-progress-bar before after","selector":".opc-progress-bar-item > span:before","color":"","background":"#e4e4e4","border":""},"_1487749538580_580":{"title":"opc-progress-bar active","selector":".opc-progress-bar-item._active:before","color":"","background":"#ff00aa","border":""},"_1487749537959_959":{"title":"opc-progress-bar active before","selector":".opc-progress-bar-item._active > span:before","color":"","background":"#ff00aa","border":""},"_1487750604787_787":{"title":"shipping-address active","selector":".opc-wrapper .shipping-address-item.selected-item","color":"","background":"","border":"#ff00aa"},"_1487750605425_425":{"title":"shipping-address active after","selector":".opc-wrapper .shipping-address-item.selected-item:after","color":"#ffffff","background":"#ff00aa","border":""},"_1462359190350_350":{"title":"Slide caption1","selector":".home-slider .slick-slide.slick-active .figcaption .caption1","color":"#aaaaaa","background":"","border":""},"_1462359194278_278":{"title":"Slide caption2","selector":".home-slider .slick-slide.slick-active .figcaption .caption2","color":"#888888","background":"","border":""},"_1462359195592_592":{"title":"Slide caption3","selector":".home-slider .slick-slide.slick-active .figcaption .caption3,.caption3 strong","color":"#ffffff","background":"","border":""},"_1462359677068_68":{"title":"Slide2 caption1","selector":".home-slider .slick-slide.slick-active .figcaption .text-slide2 .caption1","color":"#000000","background":"","border":""},"_1577950110823_823":{"title":"read more hover","selector":".post-info .post-read-more:hover","color":"#ff00aa","background":"","border":""},"_1577950111036_36":{"title":"filter","selector":"#layerednav_price_slider .ui-slider-handle","color":"","background":"#ff00aa","border":""},"_1577950111979_979":{"title":"pages hover, active","selector":".pages li.current, .pages li:hover, .pages li a:hover","color":"#ffffff","background":"#ff00aa","border":"#ff00aa"},"_1577953441324_324":{"title":"cart popup button ","selector":".modals-ajaxcart .modal-content .actions .action","color":"#ffffff","background":"#ff00aa","border":"#ff00aa"},"_1577953445398_398":{"title":"cart popup button hover","selector":".modals-ajaxcart .modal-content .actions .action:hover","color":"#333","background":"rgba(0, 0, 0, 0)","border":"#ff00aa"}}]]></value>
    </config>
    <config>
      <path>alodesign/header/color</path>
      <value><![CDATA[{"_1460974842988_988":{"title":"Link","selector":".page-header a","color":"#333333","background":"","border":""},"_1460974844035_35":{"title":"Link hover","selector":".page-header a:hover","color":"#ff00aa","background":"","border":""},"_1461745654953_953":{"title":"Sign In or Register","selector":".header .top-links li a","color":"#ff00aa","background":"","border":""},"_1460974844914_914":{"title":"Language,Currency","selector":".header .header-top .label-title, .text-setting, .text-setting:after, .header .header-top .label-title:after, .icon-search, .header .header-top-link li, .header .currency_top li","color":"#333333","background":"","border":""},"_1460974846347_347":{"title":"Language,Currency(hover)","selector":".header .header-top .label-title:hover, .text-setting:hover, .text-setting:hover:after, .header .header-top .label-title:hover:after, .icon-search:hover, .header .header-top-link li:hover, .header .currency_top li:hover","color":"#ff00aa","background":"","border":""},"_1460974849970_970":{"title":"Background Top Color","selector":".header-top","color":"","background":"#ffffff","border":"#efefef"},"_1460974850895_895":{"title":"Background Content Color","selector":".header-content","color":"","background":"","border":""},"_1460974851962_962":{"title":"Background Bottom Color","selector":".header-bottom","color":"","background":"#ffffff","border":""},"_1461746040974_974":{"title":"Minicart qty","selector":".minicart-wrapper .action.showcart .counter.qty","color":"#ffffff","background":"#ff00aa","border":""},"_1461747058784_784":{"title":"Minicart box dropdown","selector":".minicart-wrapper .block-minicart","color":"","background":"#ffffff","border":"#f0f0f0"},"_1461746040733_733":{"title":"Minicart checkout","selector":".block-minicart .block-content .actions .primary .action.primary.checkout","color":"#ffffff","background":"#ff00aa","border":"#ff00aa"},"_1461746040514_514":{"title":"Minicart viewcart","selector":".block-minicart .block-content .actions .secondary .viewcart","color":"#666666","background":"","border":"#aaaaaa"},"_1461746040213_213":{"title":"Minicart viewcart hover","selector":".block-minicart .block-content .actions .secondary .viewcart:hover","color":"#ffffff","background":"#ff00aa","border":"#ff00aa"},"_1460974852706_706":{"title":"Background Drop-down-menu","selector":".magicmenu .nav-desktop .level0 .level-top-mega,.magicmenu .nav-desktop .level0.dropdown .hasChild ul, .magicmenu .nav-desktop .level0.dropdown .hasChild ul,.magicmenu .nav-desktop .level0.dropdown .level0","color":"","background":"#ffffff","border":"#f0f0f0"},"_1460974853562_562":{"title":"Item-menu","selector":".magicmenu .nav-desktop .level0 .level-top","color":"#333333","background":"","border":""},"_1460975123617_617":{"title":"Item-menu(hover,active)","selector":".magicmenu .nav-desktop .level0.over a,.magicmenu .nav-desktop .level0.active a, .magicmenu .nav-desktop .level0.active a span.icon-text, .magicmenu .nav-desktop .level0 a:hover, .magicmenu .nav-desktop .level0 a.icon-text:hover","color":"#ff00aa","background":"rgba(0, 0, 0, 0)","border":""},"_1460975135746_746":{"title":"Drop-down-menu-link-leve2","selector":".magicmenu .nav-desktop .level0 .level-top-mega .children.level1 &gt; a","color":"#333333","background":"","border":""},"_1460975137282_282":{"title":"Drop-down-menu-link-leve3","selector":".magicmenu .nav-desktop .level0 .level-top-mega .children a, .magicmenu .nav-desktop p,.magicmenu .level0.home .level-top-mega a .demo-home,.magicmenu .nav-desktop .level0.dropdown ul li a, .vmagicmenu .vmagicmenu-narrow .level0.dropdown ul li a","color":"#666666","background":"","border":""},"_1460975138353_353":{"title":"Drop-down-menu-link-hover","selector":".magicmenu .nav-desktop .level0 .level-top-mega .children a:hover,.magicmenu .nav-desktop .level0.dropdown ul li a:hover, .vmagicmenu .vmagicmenu-narrow .level0.dropdown ul li a:hover","color":"#ff00aa","background":"","border":""},"_1471964487129_129":{"title":"Background Vmenu","selector":".vmagicmenu .block-title","color":"","background":"#ff00aa","border":""},"_1471964488405_405":{"title":"Vmenu Title","selector":".vmagicmenu .block-title span","color":"#ffffff","background":"","border":""},"_1471964489567_567":{"title":"Background Vmenu Content","selector":".vmagicmenu .level0 .level-top-mega, .vmagicmenu .vmagicmenu-narrow .level0.dropdown ul","color":"","background":"#ffffff","border":"#ececec"}}]]></value>
    </config>
    <config>
      <path>alodesign/left/color</path>
      <value><![CDATA[{"_1461733216439_439":{"title":"Title filter","selector":".filter-options .filter-options-title","color":"#ff00aa","background":"","border":""}}]]></value>
    </config>
    <config>
      <path>alodesign/right/color</path>
      <value><![CDATA[{"_1461733250879_879":{"title":"Title filter","selector":".filter-options .filter-options-title","color":"#ff00aa","background":"","border":""}}]]></value>
    </config>
    <config>
      <path>alodesign/content/color</path>
      <value><![CDATA[{"_1461730970276_276":{"title":"Icon wishlist,compare","selector":".item .actions-no .add-to-links a,.products-list .item .product-item-inner .add-to-links .action,.product-view .product-shop .product-social-links a, .product-add-form .product-social-links a","color":"#666666","background":"#ffffff","border":"#aaaaaa"},"_1461731118212_212":{"title":"Icon(hover) wishlist,compare","selector":".item .actions-no .add-to-links a:hover,.products-list .item .product-item-inner .add-to-links .action:hover,.product-view .product-shop .product-social-links a:hover, .product-add-form .product-social-links a:hover","color":"#ffffff","background":"#ff00aa","border":"#ff00aa"},"_1461732155993_993":{"title":"Title product name","selector":".product-item-name .product-item-link","color":"#333333","background":"","border":""},"_1461732172241_241":{"title":"Title product name hover","selector":".product-item-name .product-item-link:hover","color":"#ff00aa","background":"","border":""},"_1461732471049_49":{"title":"Toolbar modes mode","selector":".toolbar .modes-mode","color":"#aaaaaa","background":"","border":"#aaaaaa"},"_1461732472360_360":{"title":"Toolbar modes mode active,hover","selector":".toolbar .modes-mode.active, .toolbar .modes-mode:hover","color":"#ff00aa","background":"","border":"#aaaaaa"},"_1461744389557_557":{"title":"Policy box","selector":".support-footer-inner .row-normal","color":"","background":"","border":"#dddddd"},"_1461744449922_922":{"title":"Policy box 2","selector":".support-footer-inner .row-normal::before","color":"","background":"","border":"#dddddd"},"_1461744469700_700":{"title":"Policy icon","selector":".support-footer-inner .support-icon .icons, .support-footer-inner .support-icon .fa","color":"#ff00aa","background":"","border":""},"_1461744513613_613":{"title":"Policy title","selector":".support-footer-inner .support-info .info-title","color":"#2a2a2a","background":"","border":""},"_1488248050490_490":{"title":"Popup Newsletter Title","selector":"#popup-newsletter .form-subscribe-header label","color":"#333333","background":"","border":""},"_1488248051390_390":{"title":"Popup Newsletter promotions","selector":"#popup-newsletter .block-content span","color":"#333333","background":"","border":""},"_1488248051583_583":{"title":"Popup Newsletter promotions sale","selector":"#popup-newsletter .block-content span.saleoff","color":"#ff00aa","background":"","border":""},"_1488248051776_776":{"title":"Popup Newsletter Box input","selector":"#popup-newsletter .block-content input.input-text","color":"#666666","background":"#ebebeb","border":"#e3e3e3"},"_1488248145476_476":{"title":"Popup Newsletter button","selector":"#popup-newsletter .block-content button.button","color":"","background":"#ff00aa","border":""},"_1488248182735_735":{"title":"Popup Newsletter button","selector":"#popup-newsletter .block-content button.button span","color":"#ffffff","background":"","border":""},"_1488248216941_941":{"title":"Popup Newsletter button hover","selector":"#popup-newsletter .block-content button.button:hover","color":"","background":"#333333","border":""},"_1488247199593_593":{"title":"Price color","selector":".price-box .price,.special-price .price","color":"#ff00aa","background":"","border":""},"_1488250596665_665":{"title":"Price color","selector":".old-price .price","color":"#cccccc","background":"","border":""},"_1488247201304_304":{"title":"Breadcrumbs","selector":".breadcrumbs li strong","color":"#ff00aa","background":"","border":""},"_1488247202241_241":{"title":"Button Cart product page","selector":".product-view .add-to-cart button.button","color":"","background":"#ff00aa","border":""},"_1488247204424_424":{"title":"Button Cart product page","selector":".product-view .add-to-cart button.button span","color":"#ffffff","background":"","border":""},"_1488250396496_496":{"title":"Button Cart product page hover","selector":".product-view .add-to-cart button.button:hover","color":"","background":"#ff00aa","border":""},"_1488250397318_318":{"title":"Button Cart product page hover span","selector":".product-view .add-to-cart button.button:hover span","color":"#ffffff","background":"","border":""}}]]></value>
    </config>
    <config>
      <path>alodesign/footer/color</path>
      <value><![CDATA[{"_1460975745240_240":{"title":"Link","selector":".footer .block-content-statick li a","color":"#444444","background":"","border":""},"_1460975746527_527":{"title":"Link-hover","selector":".footer .block-content-statick li a:hover","color":"#ff00aa","background":"","border":""},"_1460975747568_568":{"title":"Background Top","selector":".page-footer .block-footer-top","color":"","background":"#f8f8f8","border":"#f1f1f1"},"_1460975750427_427":{"title":"Background Bottom","selector":".page-footer .block-footer-bottom","color":"","background":"#f8f8f8","border":"#f1f1f1"},"_1460975754351_351":{"title":"Background Copyright","selector":".footer-color .block-footer-copyright","color":"","background":"#ffffff","border":""},"_1460975759167_167":{"title":"Text","selector":".footer .collapsible p","color":"#444444","background":"","border":""},"_1460975760848_848":{"title":"Social","selector":".footer .social-link","color":"#ffffff","background":"#aaaaaa","border":""},"_1460975762839_839":{"title":"Social Hover","selector":".footer .social-link:hover","color":"#ffffff","background":"#ff00aa","border":""},"_1460975764064_64":{"title":"Subscribe Text","selector":".footer .collapsible .form-subscribe-header p","color":"#333333","background":"","border":""},"_1460975765095_95":{"title":"Subscribe input","selector":".block-subscribe input.input-text","color":"#333333","background":"#ffffff","border":"#dddddd"},"_1460975766584_584":{"title":"Subscribe Button","selector":".block-subscribe .actions button.button","color":"#333333","background":"#ffffff","border":"#888888"},"_1460975767584_584":{"title":"Subscribe Button Hover","selector":".block-subscribe .actions button.button:hover","color":"#ffffff","background":"#ff00aa","border":"#ff00aa"},"_1460976334176_176":{"title":"Add","selector":".footer .block1.block-content-statick li p span","color":"#ff00aa","background":"","border":""},"_1461743869638_638":{"title":"company  link footer","selector":".footer-links-company .footer .links a","color":"#666666","background":"","border":""},"_1461743868518_518":{"title":"company  link footer hover","selector":".footer-links-company .footer .links a:hover","color":"#ff00aa","background":"","border":""},"_1460976338029_29":{"title":"Address Text","selector":".footer .copyright span","color":"#696969","background":"","border":""},"_1460976339045_45":{"title":"Address Links active","selector":".footer a.active","color":"#ff00aa","background":"","border":""},"_1460976413138_138":{"title":"Copyright  Links Hover","selector":".block-footer-copyright .footer .links a:hover","color":"#ff00aa","background":"","border":""},"_1461745578874_874":{"title":"Backtotop","selector":"#backtotop","color":"#ffffff","background":"#ff00aa","border":""},"_1461745619738_738":{"title":"Backtotop hover","selector":"#backtotop:hover","color":"#ffffff","background":"#444444","border":""}}]]></value>
    </config>
    <config>
      <path>alodesign/extra_css/color</path>
      <value><![CDATA[.vmagicmenu .level-top a{color: #333333;}
.vmagicmenu .level-top a:hover{color: #ff5555}]]></value>
    </config>
    <config>
      <path>alosocial/instagram/username</path>
      <value><![CDATA[sugarkidsandtoughkidsshoes]]></value>
    </config>
    <config>
      <path>alosocial/instagram/accessToken</path>
      <value><![CDATA[]]></value>
    </config>
    <config>
      <path>alosocial/instagram/limit</path>
      <value><![CDATA[10]]></value>
    </config>
    <config>
      <path>alosocial/general/enabled</path>
      <value><![CDATA[1]]></value>
    </config>
    <config>
      <path>magicmenu/general/dropdown</path>
      <value><![CDATA[193,192,191]]></value>
    </config>
    <config>
      <path>magicmenu/topmenu/switcher</path>
      <value><![CDATA[1199]]></value>
    </config>
    <config>
      <path>magicmenu/topmenu/notIncludeNav</path>
      <value><![CDATA[73,7,39,71,72]]></value>
    </config>
    <config>
      <path>magicmenu/vmenu/enabled</path>
      <value><![CDATA[1]]></value>
    </config>
    <config>
      <path>magicmenu/vmenu/notIncludeNav</path>
      <value><![CDATA[38]]></value>
    </config>
    <config>
      <path>magicmenu/vmenu/demo</path>
      <value><![CDATA[0]]></value>
    </config>
    <config>
      <path>magicmenu/amenu/enabled</path>
      <value><![CDATA[1]]></value>
    </config>
    <config>
      <path>shopbrand/general/title</path>
      <value><![CDATA[]]></value>
    </config>
    <config>
      <path>shopbrand/general/link</path>
      <value><![CDATA[0]]></value>
    </config>
    <config>
      <path>shopbrand/general/landscape</path>
      <value><![CDATA[2]]></value>
    </config>
    <config>
      <path>shopbrand/general/tablet</path>
      <value><![CDATA[3]]></value>
    </config>
    <config>
      <path>shopbrand/general/notebook</path>
      <value><![CDATA[3]]></value>
    </config>
    <config>
      <path>shopbrand/general/desktop</path>
      <value><![CDATA[4]]></value>
    </config>
    <config>
      <path>shopbrand/general/arrows</path>
      <value><![CDATA[true]]></value>
    </config>
    <config>
      <path>shopbrand/general/margin</path>
      <value><![CDATA[30]]></value>
    </config>
    <config>
      <path>shopbrand/product/tablet</path>
      <value><![CDATA[4]]></value>
    </config>
    <config>
      <path>shopbrand/product/notebook</path>
      <value><![CDATA[5]]></value>
    </config>
    <config>
      <path>shopbrand/product/desktop</path>
      <value><![CDATA[5]]></value>
    </config>
    <config>
      <path>shopbrand/product/visible</path>
      <value><![CDATA[6]]></value>
    </config>
    <config>
      <path>shopbrand/product/margin</path>
      <value><![CDATA[15]]></value>
    </config>
    <config>
      <path>testimonial/general/title</path>
      <value><![CDATA[]]></value>
    </config>
    <config>
      <path>testimonial/general/dots</path>
      <value><![CDATA[true]]></value>
    </config>
    <config>
      <path>testimonial/general/portrait</path>
      <value><![CDATA[1]]></value>
    </config>
    <config>
      <path>testimonial/general/landscape</path>
      <value><![CDATA[1]]></value>
    </config>
    <config>
      <path>testimonial/general/tablet</path>
      <value><![CDATA[1]]></value>
    </config>
    <config>
      <path>testimonial/general/notebook</path>
      <value><![CDATA[1]]></value>
    </config>
    <config>
      <path>testimonial/general/desktop</path>
      <value><![CDATA[1]]></value>
    </config>
    <config>
      <path>testimonial/general/visible</path>
      <value><![CDATA[1]]></value>
    </config>
    <config>
      <path>testimonial/general/arrows</path>
      <value><![CDATA[false]]></value>
    </config>
    <config>
      <path>testimonial/general/margin</path>
      <value><![CDATA[30]]></value>
    </config>
    <config>
      <path>web/default/front</path>
      <value>cms</value>
    </config>
    <config>
      <path>web/default/cms_home_page</path>
      <value>demo16</value>
    </config>
    <config>
      <path>web/default/cms_no_route</path>
      <value>no-route</value>
    </config>
  </system>
  <theme>Alothemes/milano16</theme>
</root>
